{"schemaVersion":"1.0","appDefinitionTemplate":{"id":"/providers/Microsoft.PowerApps/apps/","type":"Microsoft.PowerApps/apps","tags":{"primaryDeviceWidth":"640","primaryDeviceHeight":"1136","supportsPortrait":"true","supportsLandscape":"true","primaryFormFactor":"Phone","publisherVersion":"3.22111.19","minimumRequiredApiVersion":"2.2.0","hasComponent":"false","hasUnlockedComponent":"false","isUnifiedRootApp":"false","sienaVersion":"20221116T114547Z-3.22111.19.0"},"properties":{"appVersion":"2022-11-16T11:45:47Z","lifeCycleId":"Published","createdByClientVersion":{"major":3,"minor":22111,"build":19,"revision":0,"majorRevision":0,"minorRevision":0},"minClientVersion":{"major":3,"minor":22111,"build":19,"revision":0,"majorRevision":0,"minorRevision":0},"backgroundColor":"rgba(0, 51, 102, 1)","backgroundImageUri":"/7833200163660087566/Nf311a534-d25e-40cd-856e-050f7a3700ff-logoSmallFile","displayName":"OCR","description":"","commitMessage":"","appUris":{"documentUri":{"value":"/7833200163660087566/Nf62eaef0-1d57-44e1-a033-baa9bcdea486-document.msapp"},"imageUris":[],"additionalUris":[]},"createdTime":"0001-01-01T00:00:00Z","lastModifiedTime":"0001-01-01T00:00:00Z","sharedGroupsCount":0,"sharedUsersCount":0,"icons":{"smallIconUri":"/7833200163660087566/Nc62390cb-e7a4-44ce-9382-31856cf17525-small.png","mediumIconUri":"/7833200163660087566/N8cfa715f-eada-4dac-bc0f-b84121f4ed21-medium.png","largeIconUri":"/7833200163660087566/Ne89ecb78-036b-49d1-ab85-a500565ba9ce-large.png","wideIconUri":"/7833200163660087566/Ncb617c44-e78b-424f-aaa1-7ab00bc87cda-wide.png"},"connectionReferences":{},"databaseReferences":{"default.cds":{"databaseDetails":{"referenceType":"Environmental","environmentName":"default.cds","overrideValues":{"status":"NotSpecified"}},"dataSources":{"43b0dc67-68af-47ae-9a9c-9e69d396ba3e":{"entitySetName":"msdyn_aimodels","logicalName":"msdyn_aimodel"}},"actions":["providers/PowerPlatform.Governance/Operations/Read"]}},"almMode":"Environment","performanceOptimizationEnabled":true,"canConsumeAppPass":true,"enableModernRuntimeMode":false,"executionRestrictions":{"isTeamsOnly":false,"dataLossPreventionEvaluationResult":{"status":"Compliant","lastEvaluationDate":"2022-11-16T11:33:19.8397597Z","violations":[],"violationsByPolicy":[],"violationErrorMessage":"このアプリでは、次のコネクタが使用されます: shared_commondataservice。"}}},"appType":"ClassicCanvasApp","appComponents":[]}}